{"cameraMode":{"drawMode":0,"name":"Shaded","section":"Shading Mode"},"sceneLighting":true,"audioPlay":false,"sceneViewState":{"showFog":true,"showMaterialUpdate":false,"showSkybox":true,"showFlares":true,"showImageEffects":true,"showParticleSystems":true},"in2DMode":false,"pivot":{"x":0.883073091506958,"y":-55.042999267578128,"z":124.2115249633789},"rotation":{"x":0.2361854761838913,"y":0.3434644639492035,"z":-0.09314782172441483,"w":0.9043013453483582},"size":576.1671752929688,"orthographic":false}